722287TY.csv,722287,Anniston Metropolitan AP
722284TY.csv,722284,Auburn-Opelika Apt
722280TY.csv,722280,Birmingham Municipal AP
722269TY.csv,722269,Cairns Field Fort Rucker
722268TY.csv,722268,Dothan Municipal AP
722285TY.csv,722285,Gadsen Muni (AWOS)
723230TY.csv,723230,Huntsville Intl/Jones Field
722265TY.csv,722265,Maxwell AFB
722235TY.csv,722235,Mobile Downtown AP
722230TY.csv,722230,Mobile Regional AP
722260TY.csv,722260,Montgomery Dannelly Field
723235TY.csv,723235,Muscle Shoals Regional AP
722267TY.csv,722267,Troy Af
722286TY.csv,722286,Tuscaloosa Municipal AP
704540TY.csv,704540,Adak NAS
701718TY.csv,701718,Ambler
701625TY.csv,701625,Anaktuvuk Pass
702730TY.csv,702730,Anchorage Intl AP
702735TY.csv,702735,Anchorage Merrill Field
702720TY.csv,702720,Anchorage/Elmendorf
702320TY.csv,702320,Aniak Airport
703980TY.csv,703980,Annette Island AP
702075TY.csv,702075,Anvik
700260TY.csv,700260,Barrow W Post-W Rogers Arpt [NSA - ARM]
702190TY.csv,702190,Bethel Airport
701740TY.csv,701740,Bettles Field
702670TY.csv,702670,Big Delta Allen AAF
702986TY.csv,702986,Big River Lake
702746TY.csv,702746,Birchwood
702606TY.csv,702606,Chulitna
703160TY.csv,703160,Cold Bay Arpt
702960TY.csv,702960,Cordova
700637TY.csv,700637,Deadhorse
703210TY.csv,703210,Dillingham (AMOS)
704890TY.csv,704890,Dutch Harbor
702084TY.csv,702084,Emmonak
702610TY.csv,702610,Fairbanks Intl Arpt
702650TY.csv,702650,Fairbanks/Eielson A
701940TY.csv,701940,Fort Yukon
702040TY.csv,702040,Gambell
702710TY.csv,702710,Gulkana Intermediate Field
703670TY.csv,703670,Gustavus
702495TY.csv,702495,Hayes River
702647TY.csv,702647,Healy River Airport
703410TY.csv,703410,Homer Arpt
702607TY.csv,702607,Hoonah
702186TY.csv,702186,Hooper Bay
702225TY.csv,702225,Huslia
703884TY.csv,703884,Hydaburg Seaplane
703400TY.csv,703400,Iliamna Arpt
703810TY.csv,703810,Juneau Int'l Arpt
703855TY.csv,703855,Kake Seaplane Base
702590TY.csv,702590,Kenai Municipal AP
703950TY.csv,703950,Ketchikan Intl AP
703260TY.csv,703260,King Salmon Arpt
703500TY.csv,703500,Kodiak Airport
701330TY.csv,701330,Kotzebue Ralph Wein Memorial
702725TY.csv,702725,Lake Hood Seaplane
702310TY.csv,702310,McGrath Arpt
702185TY.csv,702185,Mekoryuk
703430TY.csv,703430,Middleton Island Aut
702460TY.csv,702460,Minchumina
702600TY.csv,702600,Nenana Municipal AP
702000TY.csv,702000,Nome Municipal Arpt
702910TY.csv,702910,Northway Airport
702740TY.csv,702740,Palmer Municipal
703860TY.csv,703860,Petersburg
701043TY.csv,701043,Point Hope (AWOS)
703330TY.csv,703330,Port Heiden
702005TY.csv,702005,Saint Mary`S (AWOS)
703165TY.csv,703165,Sand Point
702035TY.csv,702035,Savoonga
700197TY.csv,700197,Selawik
702770TY.csv,702770,Seward
704140TY.csv,704140,Shemya AFB
701195TY.csv,701195,Shishmaref (AWOS)
703710TY.csv,703710,Sitka Japonski AP
703620TY.csv,703620,Skagway Airport
703407TY.csv,703407,Sleetmute
702595TY.csv,702595,Soldotna
703080TY.csv,703080,St Paul Island Arpt
702510TY.csv,702510,Talkeetna State Arpt
701780TY.csv,701780,Tanana Ralph M Calhoun Mem AP
703606TY.csv,703606,Togiac Village AWOS
702070TY.csv,702070,Unalakleet Field
702756TY.csv,702756,Valdez Pioneer Fiel
702750TY.csv,702750,Valdez Wso
702757TY.csv,702757,Whittier
703870TY.csv,703870,Wrangell
703610TY.csv,703610,Yakutat State Arpt
723448TY.csv,723448,Batesville (AWOS)
723444TY.csv,723444,Bentonville (AWOS)
723419TY.csv,723419,El Dorado Goodwin Field
723445TY.csv,723445,Fayetteville Drake Field
723447TY.csv,723447,Flippin (AWOS)
723440TY.csv,723440,Fort Smith Regional AP
723446TY.csv,723446,Harrison Faa AP
723407TY.csv,723407,Jonesboro Muni
723403TY.csv,723403,Little Rock Adams Field
723405TY.csv,723405,Little Rock AFB
723415TY.csv,723415,Memorial Fld
723417TY.csv,723417,Pine Bluff Faa AP
723449TY.csv,723449,Rogers (AWOS)
723443TY.csv,723443,Siloam Spring (AWOS)
723434TY.csv,723434,Springdale Muni
723416TY.csv,723416,Stuttgart (AWOS)
723418TY.csv,723418,Texarkana Webb Field
723406TY.csv,723406,Walnut Ridge (AWOS)
722748TY.csv,722748,Casa Granda (AWOS)
722745TY.csv,722745,Davis Monthan AFB
722784TY.csv,722784,Deer Valley/Phoenix
722735TY.csv,722735,Douglas Bisbee-Douglas Intl A
723755TY.csv,723755,Flagstaff Pulliam Arpt
723783TY.csv,723783,Grand Canyon Natl P
723700TY.csv,723700,Kingman (AMOS)
722785TY.csv,722785,Luke AFB
723710TY.csv,723710,Page Muni (AMOS)
722780TY.csv,722780,Phoenix Sky Harbor Intl AP
723723TY.csv,723723,Prescott Love Field
722747TY.csv,722747,Safford (AMOS)
722789TY.csv,722789,Scottsdale Muni
723747TY.csv,723747,Show Low Municipal
722740TY.csv,722740,Tucson International AP
723740TY.csv,723740,Winslow Municipal AP
722800TY.csv,722800,Yuma Intl Arpt
699604TY.csv,699604,Yuma MCAS
725958TY.csv,725958,Alturas
725945TY.csv,725945,Arcata Airport
723840TY.csv,723840,Bakersfield Meadows Field
724837TY.csv,724837,Beale AFB
724800TY.csv,724800,Bishop Airport
725845TY.csv,725845,Blue Canyon AP
747188TY.csv,747188,Blythe Riverside Co Arpt
722880TY.csv,722880,Burbank-Glendale-Passadena AP
723926TY.csv,723926,Camarillo (AWOS)
722926TY.csv,722926,Camp Pendleton MCAS
722927TY.csv,722927,Carlsbad/Palomar
746120TY.csv,746120,China Lake Naf
722899TY.csv,722899,Chino Airport
722904TY.csv,722904,Chula Vista Brown Field NAAS
724936TY.csv,724936,Concord Concord-Buchanan Fiel
725946TY.csv,725946,Crescent City Faa Ai
723815TY.csv,723815,Daggett Barstow-Daggett AP
723810TY.csv,723810,Edwards AFB
723890TY.csv,723890,Fresno Yosemite Intl AP
722976TY.csv,722976,Fullerton Municipal
724935TY.csv,724935,Hayward Air Term
747185TY.csv,747185,Imperial
722956TY.csv,722956,Jack Northrop Fld H
723816TY.csv,723816,Lancaster Gen Wm Fox Field
747020TY.csv,747020,Lemoore Reeves NAS
724927TY.csv,724927,Livermore Municipal
722895TY.csv,722895,Lompoc (AWOS)
722970TY.csv,722970,Long Beach Daugherty Fld
722950TY.csv,722950,Los Angeles Intl Arpt
722860TY.csv,722860,March AFB
724815TY.csv,724815,Merced/Macready Fld
724926TY.csv,724926,Modesto City-County AP
725955TY.csv,725955,Montague Siskiyou County AP
724915TY.csv,724915,Monterey Naf
745090TY.csv,745090,Mountain View Moffett Fld NAS
724955TY.csv,724955,Napa Co. Airport
723805TY.csv,723805,Needles Airport
724930TY.csv,724930,Oakland Metropolitan Arpt
723927TY.csv,723927,Oxnard Airport
722868TY.csv,722868,Palm Springs Intl
747187TY.csv,747187,Palm Springs Thermal AP
723820TY.csv,723820,Palmdale Airport
723965TY.csv,723965,Paso Robles Municipal Arpt
723910TY.csv,723910,Point Mugu Nf
723895TY.csv,723895,Porterville (AWOS)
725910TY.csv,725910,Red Bluff Municipal Arpt
725920TY.csv,725920,Redding Municipal Arpt
722869TY.csv,722869,Riverside Muni
724830TY.csv,724830,Sacramento Executive Arpt
724839TY.csv,724839,Sacramento Metropolitan AP
724917TY.csv,724917,Salinas Municipal AP
722900TY.csv,722900,San Diego Lindbergh Field
722930TY.csv,722930,San Diego Miramar NAS
722906TY.csv,722906,San Diego North Island NAS
722903TY.csv,722903,San Diego/Montgomer
724940TY.csv,724940,San Francisco Intl AP
724945TY.csv,724945,San Jose Intl AP
722897TY.csv,722897,San Luis Co Rgnl
723830TY.csv,723830,Sandberg
722977TY.csv,722977,Santa Ana John Wayne AP
723925TY.csv,723925,Santa Barbara Municipal AP
723940TY.csv,723940,Santa Maria Public Arpt
722885TY.csv,722885,Santa Monica Muni
724957TY.csv,724957,Santa Rosa (AWOS)
725847TY.csv,725847,South Lake Tahoe
724920TY.csv,724920,Stockton Metropolitan Arpt
745160TY.csv,745160,Travis Field AFB
725846TY.csv,725846,Truckee-Tahoe
690150TY.csv,690150,Twentynine Palms
725905TY.csv,725905,Ukiah Municipal AP
722886TY.csv,722886,Van Nuys Airport
723896TY.csv,723896,Visalia Muni (AWOS)
724838TY.csv,724838,Yuba Co
724698TY.csv,724698,Akron Washington Co AP
724620TY.csv,724620,Alamosa San Luis Valley Rgnl
724676TY.csv,724676,Aspen Pitkin Co Sar
724695TY.csv,724695,Aurora Buckley Field ANGB
724699TY.csv,724699,Broomfield/Jeffco [Boulder - Surfrad]
724660TY.csv,724660,Colorado Springs Muni AP
724767TY.csv,724767,Cortez/Montezuma Co
725700TY.csv,725700,Craig-Moffat
725650TY.csv,725650,Denver Intl AP
724666TY.csv,724666,Denver/Centennial [Golden - NREL]
724625TY.csv,724625,Durango/La Plata Co
724675TY.csv,724675,Eagle County AP
724769TY.csv,724769,Fort Collins (AWOS)
724760TY.csv,724760,Grand Junction Walker Field
724768TY.csv,724768,Greeley/Weld (AWOS)
724677TY.csv,724677,Gunnison Co. (AWOS)
725715TY.csv,725715,Hayden/Yampa (AWOS)
724635TY.csv,724635,La Junta Municipal AP
724636TY.csv,724636,Lamar Municipal
724673TY.csv,724673,Leadville/Lake Co.
724665TY.csv,724665,Limon
724765TY.csv,724765,Montrose Co. Arpt
724640TY.csv,724640,Pueblo Memorial AP
725717TY.csv,725717,Rifle/Garfield Rgnl
724645TY.csv,724645,Trinidad Las Animas County AP
725040TY.csv,725040,Bridgeport Sikorsky Memorial
725086TY.csv,725086,Danbury Municipal
725046TY.csv,725046,Groton New London AP
725080TY.csv,725080,Hartford Bradley Intl AP
725087TY.csv,725087,Hartford Brainard Fd
725045TY.csv,725045,New Haven Tweed Airport
725029TY.csv,725029,Oxford (AWOS)
724088TY.csv,724088,Dover AFB
724089TY.csv,724089,Wilmington New Castle Cnty AP
722215TY.csv,722215,Crestview Bob Sikes AP
722056TY.csv,722056,Daytona Beach Intl AP
722039TY.csv,722039,Fort Lauderdale
722025TY.csv,722025,Fort Lauderdale Hollywood Int
722106TY.csv,722106,Fort Myers Page Field
722146TY.csv,722146,Gainesville Regional AP
722026TY.csv,722026,Homestead AFB
722060TY.csv,722060,Jacksonville Intl Arpt
722065TY.csv,722065,Jacksonville NAS
722068TY.csv,722068,Jacksonville/Craig
722010TY.csv,722010,Key West Intl Arpt
722015TY.csv,722015,Key West NAS
722119TY.csv,722119,Lakeland Linder Rgn
747880TY.csv,747880,MacDill AFB
722016TY.csv,722016,Marathon Airport
722066TY.csv,722066,Mayport Ns
722040TY.csv,722040,Melbourne Regional AP
722020TY.csv,722020,Miami Intl AP
722029TY.csv,722029,Miami/Kendall-Tamia
722024TY.csv,722024,Miami/Opa Locka
722038TY.csv,722038,Naples Municipal
747946TY.csv,747946,NASA Shuttle Fclty
722055TY.csv,722055,Ocala Muni (AWOS)
722053TY.csv,722053,Orlando Executive AP
722050TY.csv,722050,Orlando Intl Arpt
722057TY.csv,722057,Orlando Sanford Airport
722245TY.csv,722245,Panama City Bay Co
722225TY.csv,722225,Pensacola Forest Sherman NAS
722223TY.csv,722223,Pensacola Regional AP
722115TY.csv,722115,Sarasota Bradenton
722108TY.csv,722108,Southwest Florida I
722103TY.csv,722103,St Lucie Co Intl
722104TY.csv,722104,St Petersburg Albert Whitted
722116TY.csv,722116,St Petersburg Clear
722140TY.csv,722140,Tallahassee Regional AP [ISIS]
722110TY.csv,722110,Tampa International AP
747750TY.csv,747750,Tyndall AFB
722210TY.csv,722210,Valparaiso Elgin AFB
747770TY.csv,747770,Valparaiso Hurlburt
722045TY.csv,722045,Vero Beach Municipal Arpt
722030TY.csv,722030,West Palm Beach Intl Arpt
722226TY.csv,722226,Whiting Field NAAS
722160TY.csv,722160,Albany Dougherty County AP
722135TY.csv,722135,Alma Bacon County AP
723110TY.csv,723110,Athens Ben Epps AP
722190TY.csv,722190,Atlanta Hartsfield Intl AP
722180TY.csv,722180,Augusta Bush Field
722136TY.csv,722136,Brunswick Golden Is
722137TY.csv,722137,Brunswick Malcolm McKinnon AP
722255TY.csv,722255,Columbus Metropolitan Arpt
722196TY.csv,722196,Dekalb Peachtree
722250TY.csv,722250,Fort Benning Lawson
722195TY.csv,722195,Fulton Co Arpt Brow
747804TY.csv,747804,Hunter AAF
722170TY.csv,722170,Macon Middle Ga Regional AP
722270TY.csv,722270,Marietta Dobbins AFB
747810TY.csv,747810,Moody AFB/Valdosta
723200TY.csv,723200,Rome R B Russell AP
722070TY.csv,722070,Savannah Intl AP
722166TY.csv,722166,Valdosta Wb Airport
722175TY.csv,722175,Warner Robins AFB
912180TY.csv,912180,Andersen AFB
912120TY.csv,912120,Guam Wfo
911780TY.csv,911780,Barbers Point NAS
912850TY.csv,912850,Hilo International AP
911820TY.csv,911820,Honolulu Intl Arpt
911900TY.csv,911900,Kahului Airport
911760TY.csv,911760,Kaneohe Bay MCAS
911904TY.csv,911904,Kapalua
911975TY.csv,911975,Kona Intl At Keahol
911905TY.csv,911905,Lanai
911650TY.csv,911650,Lihue Airport
911860TY.csv,911860,Molokai (AMOS)
726810TY.csv,726810,Boise Air Terminal [UO]
725867TY.csv,725867,Burley Municipal Arpt
726813TY.csv,726813,Caldwell (AWOS)
727834TY.csv,727834,Coeur D`Alene (AWOS)
725865TY.csv,725865,Hailey/Friedman Mem
725785TY.csv,725785,Idaho Falls Fanning Field
725866TY.csv,725866,Joslin Fld Magic Va [Twin Falls - UO]
727830TY.csv,727830,Lewiston Nez Perce Cnty AP
725786TY.csv,725786,Malad City
726815TY.csv,726815,Mountain Home AFB
725780TY.csv,725780,Pocatello Regional AP
726865TY.csv,726865,Salmon/Lemhi (AWOS)
725868TY.csv,725868,Soda Springs/Tigert
744655TY.csv,744655,Aurora Municipal
724338TY.csv,724338,Belleville Scott AFB
725314TY.csv,725314,Cahokia/St. Louis
724397TY.csv,724397,Central Illinois Rg
725340TY.csv,725340,Chicago Midway AP
725300TY.csv,725300,Chicago Ohare Intl AP
725347TY.csv,725347,Chicago/Waukegan
725316TY.csv,725316,Decatur
724339TY.csv,724339,Marion Regional
725440TY.csv,725440,Moline Quad City Intl AP
724335TY.csv,724335,Mount Vernon (AWOS)
725320TY.csv,725320,Peoria Greater Peoria AP
724396TY.csv,724396,Quincy Muni Baldwin Fld
725430TY.csv,725430,Rockford Greater Rockford AP
724336TY.csv,724336,Southern Illinois
724390TY.csv,724390,Springfield Capital AP
725326TY.csv,725326,Sterling Rockfalls
725315TY.csv,725315,Univ Of Illinois Wi [Bondville - Surfrad]
725305TY.csv,725305,W. Chicago/Du Page
725336TY.csv,725336,Delaware Co Johnson
724320TY.csv,724320,Evansville Regional AP
725330TY.csv,725330,Fort Wayne Intl AP
725335TY.csv,725335,Grissom Arb
724365TY.csv,724365,Huntingburg
724380TY.csv,724380,Indianapolis Intl AP
724386TY.csv,724386,Lafayette Purdue Univ AP
724375TY.csv,724375,Monroe Co
725350TY.csv,725350,South Bend Michiana Rgnl AP
724373TY.csv,724373,Terre Haute Hulman Regional A
725457TY.csv,725457,Algona
725453TY.csv,725453,Atlantic
725486TY.csv,725486,Boone Muni
725455TY.csv,725455,Burlington Municipal AP
725468TY.csv,725468,Carroll
725450TY.csv,725450,Cedar Rapids Municipal AP
725469TY.csv,725469,Chariton
725463TY.csv,725463,Charles City
725479TY.csv,725479,Clarinda
725473TY.csv,725473,Clinton Muni (AWOS)
725497TY.csv,725497,Council Bluffs
725474TY.csv,725474,Creston
725476TY.csv,725476,Decorah
725477TY.csv,725477,Denison
725460TY.csv,725460,Des Moines Intl AP
725470TY.csv,725470,Dubuque Regional AP
726499TY.csv,726499,Estherville Muni
726498TY.csv,726498,Fair Field
725490TY.csv,725490,Fort Dodge (AWOS)
725483TY.csv,725483,Fort Madison
725456TY.csv,725456,Keokuk Muni
725493TY.csv,725493,Knoxville
725484TY.csv,725484,Le Mars
725485TY.csv,725485,Mason City Municipal Arpt
725475TY.csv,725475,Monticello Muni
725487TY.csv,725487,Muscatine
725464TY.csv,725464,Newton Muni
725488TY.csv,725488,Oelwen
725489TY.csv,725489,Orange City
725465TY.csv,725465,Ottumwa Industrial AP
725494TY.csv,725494,Red Oak
725495TY.csv,725495,Sheldon
725467TY.csv,725467,Shenandoah Muni
725570TY.csv,725570,Sioux City Sioux Gateway AP
726500TY.csv,726500,Spencer
725496TY.csv,725496,Storm Lake
725454TY.csv,725454,Washington
725480TY.csv,725480,Waterloo Municipal AP
725478TY.csv,725478,Webster City
724507TY.csv,724507,Chanute Martin Johnson AP
724580TY.csv,724580,Concordia Blosser Muni AP
724510TY.csv,724510,Dodge City Regional AP
724556TY.csv,724556,Emporia Municipal AP
724550TY.csv,724550,Fort Riley Marshall AAF
724515TY.csv,724515,Garden City Municipal AP
724650TY.csv,724650,Goodland Renner Field
724517TY.csv,724517,Great Bend (AWOS)
724518TY.csv,724518,Hays Muni (AWOS)
724655TY.csv,724655,Hill City Municipal AP
724506TY.csv,724506,Hutchinson Municipal AP
724516TY.csv,724516,Liberal Muni
724555TY.csv,724555,Manhattan Rgnl
724505TY.csv,724505,McConnell AFB
724509TY.csv,724509,Newton (AWOS)
724475TY.csv,724475,Olathe Johnson Co Industrial
724468TY.csv,724468,Olathe/Johnson Co.
724585TY.csv,724585,Russell Municipal AP
724586TY.csv,724586,Salina Municipal AP
724565TY.csv,724565,Topeka Forbes Field
724560TY.csv,724560,Topeka Municipal AP
724500TY.csv,724500,Wichita Mid-Continent AP
724504TY.csv,724504,Wichita/Col. Jabara
746716TY.csv,746716,Bowling Green Warren Co AP
724210TY.csv,724210,Cincinnati Northern Ky AP
746710TY.csv,746710,Fort Campbell AAF
724240TY.csv,724240,Fort Knox Godman AAF
724238TY.csv,724238,Henderson City
724236TY.csv,724236,Jackson Julian Carroll AP
724220TY.csv,724220,Lexington Bluegrass AP
724243TY.csv,724243,London-Corbin AP
724235TY.csv,724235,Louisville Bowman Field
724230TY.csv,724230,Louisville Standiford Field
724350TY.csv,724350,Paducah Barkley Regional AP
724354TY.csv,724354,Somerset (AWOS)
722487TY.csv,722487,Alexandria Esler Regional AP
722485TY.csv,722485,Barksdale AFB
722317TY.csv,722317,Baton Rouge Ryan Arpt
747540TY.csv,747540,England AFB
722390TY.csv,722390,Fort Polk AAF
722406TY.csv,722406,Houma-Terrebonne
722405TY.csv,722405,Lafayette Regional AP
722400TY.csv,722400,Lake Charles Regional Arpt
722404TY.csv,722404,Lake Charles Wb Airp
722486TY.csv,722486,Monroe Regional AP
722314TY.csv,722314,New Iberia NAAS
722316TY.csv,722316,New Orleans Alvin Callender F
722310TY.csv,722310,New Orleans Intl Arpt
722315TY.csv,722315,New Orleans Lakefront AP
722329TY.csv,722329,Patterson Memorial
722484TY.csv,722484,Shreveport Downtown
722480TY.csv,722480,Shreveport Regional Arpt
726184TY.csv,726184,Auburn-Lewiston
726185TY.csv,726185,Augusta Airport
726088TY.csv,726088,Bangor International AP
726077TY.csv,726077,Bar Harbor (AWOS)
727120TY.csv,727120,Caribou Municipal Arpt
727033TY.csv,727033,Houlton Intl Arpt
726196TY.csv,726196,Millinocket Municipal AP
743920TY.csv,743920,Brunswick NAS
726083TY.csv,726083,Northern Aroostook
726060TY.csv,726060,Portland Intl Jetport
727130TY.csv,727130,Presque Isle Municip
726079TY.csv,726079,Rockland/Knox (AWOS)
726064TY.csv,726064,Sanford Muni (AWOS)
726073TY.csv,726073,Waterville (AWOS)
727135TY.csv,727135,Wiscasset
745940TY.csv,745940,Andrews AFB
724060TY.csv,724060,Baltimore Blt-Washngtn Int'l
724066TY.csv,724066,Hagerstown Rgnl Ric
724040TY.csv,724040,Patuxent River NAS
724045TY.csv,724045,Salisbury Wicomico Co AP
725067TY.csv,725067,Barnstable Muni Boa
725088TY.csv,725088,Beverly Muni
725090TY.csv,725090,Boston Logan Int'l Arpt
744910TY.csv,744910,Chicopee Falls Westo
744904TY.csv,744904,Lawrence Muni
725066TY.csv,725066,Marthas Vineyard
725063TY.csv,725063,Nantucket Memorial AP
725065TY.csv,725065,New Bedford Rgnl
725075TY.csv,725075,North Adams
725098TY.csv,725098,Norwood Memorial
725060TY.csv,725060,Otis ANGBb
725064TY.csv,725064,Plymouth Municipal
725073TY.csv,725073,Provincetown (AWOS)
744915TY.csv,744915,Westfield Barnes Muni AP
725095TY.csv,725095,Worchester Regional Arpt
<Td ALIGN="RIGHT" WIDTH="640,<Font Size="2" Face="Gil Sans,<A Href="#Top" CLASS="hide,Back To Top</A> &#160 </Font>
<Td ALIGN="RIGHT,<A Href="#Top" CLASS="hide,<Img Src="/gifs/blue_up_arrow.gif" Valign="Top" BORDER="0,,</Table>
726390TY.csv,726390,Alpena County Regional AP
725374TY.csv,725374,Ann Arbor Municipal
725396TY.csv,725396,Battle Creek Kellogg AP
726355TY.csv,726355,Benton Harbor/Ross
726384TY.csv,726384,Cadillac Wexford Co AP
727344TY.csv,727344,Chippewa Co Intl
725375TY.csv,725375,Detroit City Airport
725370TY.csv,725370,Detroit Metropolitan Arpt
725376TY.csv,725376,Detroit Willow Run AP
726480TY.csv,726480,Escanaba (AWOS)
726370TY.csv,726370,Flint Bishop Intl Arpt
726350TY.csv,726350,Grand Rapids Kent County Int'
727440TY.csv,727440,Hancock Houghton Co AP
726380TY.csv,726380,Houghton Lake Roscommon Co Ar
725378TY.csv,725378,Howell
727437TY.csv,727437,Iron Mountain/Ford
727445TY.csv,727445,Ironwood (AWOS)
725395TY.csv,725395,Jackson Reynolds Field
726357TY.csv,726357,Kalamazoo Battle Cr
725390TY.csv,725390,Lansing Capital City Arpt
726385TY.csv,726385,Manistee (AWOS)
726487TY.csv,726487,Menominee (AWOS)
725377TY.csv,725377,Mount Clemens Selfridge Fld
726360TY.csv,726360,Muskegon County Arpt
726375TY.csv,726375,Oakland Co Intl
726395TY.csv,726395,Oscoda Wurtsmith AFB
727347TY.csv,727347,Pellston Emmet County AP
726379TY.csv,726379,Saginaw Tri City Intl AP
727340TY.csv,727340,Sault Ste Marie Sanderson Fie
725384TY.csv,725384,St.Clair County Int
726387TY.csv,726387,Traverse City Cherry Capital
<Td ALIGN="RIGHT" WIDTH="640,<Font Size="2" Face="Gil Sans,<A Href="#Top" CLASS="hide,Back To Top</A> &#160 </Font>
<Td ALIGN="RIGHT,<A Href="#Top" CLASS="hide,<Img Src="/gifs/blue_up_arrow.gif" Valign="Top" BORDER="0,,</Table>
727504TY.csv,727504,Aitkin Ndb (AWOS)
726589TY.csv,726589,Albert Lea (AWOS)
726557TY.csv,726557,Alexandria Municipal AP
727566TY.csv,727566,Austin Muni
727476TY.csv,727476,Baudette International AP
727550TY.csv,727550,Bemidji Municipal
727507TY.csv,727507,Benson Muni
726555TY.csv,726555,Brainerd/Wieland
727503TY.csv,727503,Cambridge Muni
726558TY.csv,726558,Cloquet (AWOS)
727473TY.csv,727473,Crane Lake (AWOS)
727452TY.csv,727452,Crookston Muni Fld
727457TY.csv,727457,Detroit Lakes (AWOS)
727450TY.csv,727450,Duluth International Arpt
727459TY.csv,727459,Ely Muni
727474TY.csv,727474,Eveleth Muni (AWOS)
726586TY.csv,726586,Fairmont Muni (AWOS)
726563TY.csv,726563,Faribault Muni AWOS
726560TY.csv,726560,Fergus Falls (AWOS)
726579TY.csv,726579,Flying Cloud
727505TY.csv,727505,Fosston (AWOS)
726547TY.csv,726547,Glenwood (ASOS)
727458TY.csv,727458,Grand Rapids (AWOS)
727478TY.csv,727478,Hallock
727455TY.csv,727455,Hibbing Chisholm-Hibbing AP
726569TY.csv,726569,Hutchinson (AWOS)
727470TY.csv,727470,International Falls Intl AP
726583TY.csv,726583,Litchfield Muni
726578TY.csv,726578,Little Falls (AWOS)
726585TY.csv,726585,Mankato (AWOS)
726559TY.csv,726559,Marshall/Ryan (AWOS)
726575TY.csv,726575,Minneapolis/Crystal
726580TY.csv,726580,Minneapolis-St Paul Int'l Arp
727475TY.csv,727475,Mora Muni (AWOS)
726565TY.csv,726565,Morris Muni (AWOS)
726567TY.csv,726567,New Ulm Muni (AWOS)
726544TY.csv,726544,Orr, MN
726568TY.csv,726568,Owatonna (AWOS)
727453TY.csv,727453,Park Rapids Municipal AP
726566TY.csv,726566,Pipestone (AWOS)
726564TY.csv,726564,Red Wing
726556TY.csv,726556,Redwood Falls Muni
726440TY.csv,726440,Rochester International Arpt
727477TY.csv,727477,Roseau Muni (AWOS)
727556TY.csv,727556,Silver Bay
726603TY.csv,726603,South St Paul Muni
726550TY.csv,726550,St Cloud Regional Arpt
726584TY.csv,726584,St Paul Downtown AP
727555TY.csv,727555,Thief River (AWOS)
727444TY.csv,727444,Two Harbors
727533TY.csv,727533,Wheaton Ndb (AWOS)
726576TY.csv,726576,Willmar
726588TY.csv,726588,Winona Muni (AWOS)
726587TY.csv,726587,Worthington (AWOS)
<Td ALIGN="RIGHT" WIDTH="640,<Font Size="2" Face="Gil Sans,<A Href="#Top" CLASS="hide,Back To Top</A> &#160 </Font>
<Td ALIGN="RIGHT,<A Href="#Top" CLASS="hide,<Img Src="/gifs/blue_up_arrow.gif" Valign="Top" BORDER="0,,</Table>
723306TY.csv,723306,Columbus AFB
723307TY.csv,723307,Golden Tri (AWOS)
722356TY.csv,722356,Greenville Municipal
722359TY.csv,722359,Greenwood Leflore Arpt
747685TY.csv,747685,Gulfport Biloxi Int
722348TY.csv,722348,Hattiesburg Laurel
722350TY.csv,722350,Jackson International AP
747686TY.csv,747686,Keesler AFB
722358TY.csv,722358,McComb Pike County AP
722340TY.csv,722340,Meridian Key Field
722345TY.csv,722345,Meridian NAAS
722357TY.csv,722357,Natchez/Hardy (AWOS)
723320TY.csv,723320,Tupelo C D Lemons Arpt
<Td ALIGN="RIGHT" WIDTH="640,<Font Size="2" Face="Gil Sans,<A Href="#Top" CLASS="hide,Back To Top</A> &#160 </Font>
<Td ALIGN="RIGHT,<A Href="#Top" CLASS="hide,<Img Src="/gifs/blue_up_arrow.gif" Valign="Top" BORDER="0,,</Table>
723489TY.csv,723489,Cape Girardeau Municipal AP
724450TY.csv,724450,Columbia Regional Airport
724454TY.csv,724454,Farmington
724457TY.csv,724457,Ft Lnrd Wd AAF
724458TY.csv,724458,Jefferson City Mem
723495TY.csv,723495,Joplin Municipal AP
724459TY.csv,724459,Kaiser Mem (AWOS)
724463TY.csv,724463,Kansas City Downtown AP
724460TY.csv,724460,Kansas City Int'l Arpt
724455TY.csv,724455,Kirksville Regional AP
723300TY.csv,723300,Poplar Bluff (AMOS)
724400TY.csv,724400,Springfield Regional Arpt
724490TY.csv,724490,St Joseph Rosecrans Memorial
724340TY.csv,724340,St Louis Lambert Int'l Arpt
724345TY.csv,724345,St Louis Spirit Of St Louis A
724456TY.csv,724456,Vichy Rolla Natl Arpt
724467TY.csv,724467,Whiteman AFB
<Td ALIGN="RIGHT" WIDTH="640,<Font Size="2" Face="Gil Sans,<A Href="#Top" CLASS="hide,Back To Top</A> &#160 </Font>
<Td ALIGN="RIGHT,<A Href="#Top" CLASS="hide,<Img Src="/gifs/blue_up_arrow.gif" Valign="Top" BORDER="0,,</Table>
726770TY.csv,726770,Billings Logan Int'l Arpt
726797TY.csv,726797,Bozeman Gallatin Field
726785TY.csv,726785,Butte Bert Mooney Arpt
727796TY.csv,727796,Cut Bank Muni AP
727680TY.csv,727680,Glasgow Intl Arpt
726676TY.csv,726676,Glendive (AWOS)
727750TY.csv,727750,Great Falls Intl Arpt
727770TY.csv,727770,Havre City-County AP
727720TY.csv,727720,Helena Regional Airport
727790TY.csv,727790,Kalispell Glacier Pk Int'l Ar
726776TY.csv,726776,Lewistown Municipal Arpt
726798TY.csv,726798,Livingston Mission Field
742300TY.csv,742300,Miles City Municipal Arpt
727730TY.csv,727730,Missoula International AP
727687TY.csv,727687,Sidney-Richland
727686TY.csv,727686,Wolf Point Intl [Fort Peck - Surfrad]
<Td ALIGN="RIGHT" WIDTH="640,<Font Size="2" Face="Gil Sans,<A Href="#Top" CLASS="hide,Back To Top</A> &#160 </Font>
<Td ALIGN="RIGHT,<A Href="#Top" CLASS="hide,<Img Src="/gifs/blue_up_arrow.gif" Valign="Top" BORDER="0,,</Table>
725556TY.csv,725556,Ainsworth Municipal
725635TY.csv,725635,Alliance Municipal
725515TY.csv,725515,Beatrice Municipal
725540TY.csv,725540,Bellevue Offutt AFB
725628TY.csv,725628,Brewster Field Arpt
725555TY.csv,725555,Broken Bow Muni
725636TY.csv,725636,Chadron Municipal AP
725565TY.csv,725565,Columbus Muni
725533TY.csv,725533,Falls City/Brenner
725564TY.csv,725564,Fremont Muni Arpt
725520TY.csv,725520,Grand Island Central Ne Regio
725525TY.csv,725525,Hastings Municipal
725626TY.csv,725626,Imperial Faa AP
725526TY.csv,725526,Kearney Muni (AWOS)
725510TY.csv,725510,Lincoln Municipal Arpt
725625TY.csv,725625,McCook Municipal
725560TY.csv,725560,Norfolk Karl Stefan Mem Arpt
725620TY.csv,725620,North Platte Regional AP
725566TY.csv,725566,O`Neill/Baker Field
725500TY.csv,725500,Omaha Eppley Airfield
725530TY.csv,725530,Omaha Wsfo
725524TY.csv,725524,Ord/Sharp Field
725660TY.csv,725660,Scottsbluff W B Heilig Field
725610TY.csv,725610,Sidney Municipal AP
725527TY.csv,725527,Tekamah (ASOS)
725670TY.csv,725670,Valentine Miller Field
<Td ALIGN="RIGHT" WIDTH="640,<Font Size="2" Face="Gil Sans,<A Href="#Top" CLASS="hide,Back To Top</A> &#160 </Font>
<Td ALIGN="RIGHT,<A Href="#Top" CLASS="hide,<Img Src="/gifs/blue_up_arrow.gif" Valign="Top" BORDER="0,,</Table>
725825TY.csv,725825,Elko Municipal Arpt
724860TY.csv,724860,Ely Yelland Field
724885TY.csv,724885,Fallon NAAS
723860TY.csv,723860,Las Vegas McCarran Intl AP
725805TY.csv,725805,Lovelock Derby Field
723870TY.csv,723870,Mercury Desert Rock AP [Surfrad]
723865TY.csv,723865,Nellis AFB
724880TY.csv,724880,Reno Tahoe International AP
724855TY.csv,724855,Tonopah Airport
725830TY.csv,725830,Winnemucca Municipal Arpt
<Td ALIGN="RIGHT" WIDTH="640,<Font Size="2" Face="Gil Sans,<A Href="#Top" CLASS="hide,Back To Top</A> &#160 </Font>
<Td ALIGN="RIGHT,<A Href="#Top" CLASS="hide,<Img Src="/gifs/blue_up_arrow.gif" Valign="Top" BORDER="0,,</Table>
726160TY.csv,726160,Berlin Municipal
726050TY.csv,726050,Concord Municipal Arpt
726165TY.csv,726165,Dillant Hopkins
726155TY.csv,726155,Laconia Muni (AWOS)
726116TY.csv,726116,Lebanon Municipal
743945TY.csv,743945,Manchester Airport
726130TY.csv,726130,Mount Washington
726055TY.csv,726055,Pease Intl Tradepor
<Td ALIGN="RIGHT" WIDTH="640,<Font Size="2" Face="Gil Sans,<A Href="#Top" CLASS="hide,Back To Top</A> &#160 </Font>
<Td ALIGN="RIGHT,<A Href="#Top" CLASS="hide,<Img Src="/gifs/blue_up_arrow.gif" Valign="Top" BORDER="0,,</Table>
724070TY.csv,724070,Atlantic City Intl AP
724084TY.csv,724084,Belmar Asc
724094TY.csv,724094,Caldwell/Essex Co.
745966TY.csv,745966,Cape May Co
724096TY.csv,724096,McGuire AFB
724075TY.csv,724075,Millville Municipal AP
725020TY.csv,725020,Newark International Arpt
725025TY.csv,725025,Teterboro Airport
724095TY.csv,724095,Trenton Mercer County AP
<Td ALIGN="RIGHT" WIDTH="640,<Font Size="2" Face="Gil Sans,<A Href="#Top" CLASS="hide,Back To Top</A> &#160 </Font>
<Td ALIGN="RIGHT,<A Href="#Top" CLASS="hide,<Img Src="/gifs/blue_up_arrow.gif" Valign="Top" BORDER="0,,</Table>
723650TY.csv,723650,Albuquerque Intl Arpt [ISIS]
722687TY.csv,722687,Carlsbad Cavern City Air Term
723600TY.csv,723600,Clayton Municipal Airpark
722686TY.csv,722686,Clovis Cannon AFB
722689TY.csv,722689,Clovis Muni (AWOS)
722725TY.csv,722725,Deming Muni
723658TY.csv,723658,Farmington Four Corners Regl
723627TY.csv,723627,Gallup Sen Clarke Fld
747320TY.csv,747320,Holloman AFB
722695TY.csv,722695,Las Cruces Intl
723677TY.csv,723677,Las Vegas Municipal Arpt
722680TY.csv,722680,Roswell Industrial Air Park
723656TY.csv,723656,Santa Fe County Municipal AP
722683TY.csv,722683,Sierra Blanca Rgnl
723663TY.csv,723663,Taos Muni Apt (AWOS)
722710TY.csv,722710,Truth Or Consequences Muni AP
723676TY.csv,723676,Tucumcari Faa AP
<Td ALIGN="RIGHT" WIDTH="640,<Font Size="2" Face="Gil Sans,<A Href="#Top" CLASS="hide,Back To Top</A> &#160 </Font>
<Td ALIGN="RIGHT,<A Href="#Top" CLASS="hide,<Img Src="/gifs/blue_up_arrow.gif" Valign="Top" BORDER="0,,</Table>
726228TY.csv,726228,Adirondack Rgnl
725180TY.csv,725180,Albany County AP
725150TY.csv,725150,Binghamton Edwin A Link Field
725280TY.csv,725280,Buffalo Niagara Intl AP
725156TY.csv,725156,Elmira Corning Regional AP
743700TY.csv,743700,Fort Drum/Wheeler-S
725185TY.csv,725185,Glens Falls AP
725035TY.csv,725035,Islip Long Isl MacArthur AP
725235TY.csv,725235,Jamestown (AWOS)
726223TY.csv,726223,Massena AP
725145TY.csv,725145,Monticello (AWOS)
725033TY.csv,725033,New York Central Prk Obs Belv
744860TY.csv,744860,New York J F Kennedy Int'l Ar
725030TY.csv,725030,New York Laguardia Arpt
725287TY.csv,725287,Niagara Falls Af
725036TY.csv,725036,Poughkeepsie Dutchess Co AP
744864TY.csv,744864,Republic
725290TY.csv,725290,Rochester Greater Rochester I
725038TY.csv,725038,Stewart Field
725190TY.csv,725190,Syracuse Hancock Int'l Arpt
725197TY.csv,725197,Utica Oneida County AP
726227TY.csv,726227,Watertown AP
744865TY.csv,744865,Westhampton Gabreski AP
725037TY.csv,725037,White Plains Westchester Co A
<Td ALIGN="RIGHT" WIDTH="640,<Font Size="2" Face="Gil Sans,<A Href="#Top" CLASS="hide,Back To Top</A> &#160 </Font>
<Td ALIGN="RIGHT,<A Href="#Top" CLASS="hide,<Img Src="/gifs/blue_up_arrow.gif" Valign="Top" BORDER="0,,</Table>
723150TY.csv,723150,Asheville Regional Arpt
723040TY.csv,723040,Cape Hatteras Nws Bldg
723140TY.csv,723140,Charlotte Douglas Intl Arpt
723090TY.csv,723090,Cherry Point MCAS
723046TY.csv,723046,Dare Co Rgnl
746943TY.csv,746943,Elizabeth City Coast Guard Ai [Nrel]
723030TY.csv,723030,Fayetteville Pope AFB
723035TY.csv,723035,Fayetteville Rgnl G
746930TY.csv,746930,Fort Bragg Simmons AAF
723066TY.csv,723066,Goldsboro Seymour Johnson AFB
723170TY.csv,723170,Greensboro Piedmont Triad Int
723145TY.csv,723145,Hickory Regional AP
723069TY.csv,723069,Jacksonville (AWOS)
723067TY.csv,723067,Kinston Stallings AFB
723095TY.csv,723095,New Bern Craven Co Regl AP
723096TY.csv,723096,New River MCAF
723065TY.csv,723065,Pitt Greenville Arp
723060TY.csv,723060,Raleigh Durham International
723068TY.csv,723068,Rocky Mount Wilson
723143TY.csv,723143,Southern Pines AWOS
723013TY.csv,723013,Wilmington International Arpt
723193TY.csv,723193,Winston-Salem Reynolds AP
<Td ALIGN="RIGHT" WIDTH="640,<Font Size="2" Face="Gil Sans,<A Href="#Top" CLASS="hide,Back To Top</A> &#160 </Font>
<Td ALIGN="RIGHT,<A Href="#Top" CLASS="hide,<Img Src="/gifs/blue_up_arrow.gif" Valign="Top" BORDER="0,,</Table>
727640TY.csv,727640,Bismarck Municipal Arpt [ISIS]
727573TY.csv,727573,Devils Lake (AWOS)
727645TY.csv,727645,Dickinson Municipal AP
727530TY.csv,727530,Fargo Hector International AP
727575TY.csv,727575,Grand Forks Af
727576TY.csv,727576,Grand Forks International AP
727535TY.csv,727535,Jamestown Municipal Arpt
727675TY.csv,727675,Minot AFB
727676TY.csv,727676,Minot Faa AP
727670TY.csv,727670,Williston Sloulin Intl AP
<Td ALIGN="RIGHT" WIDTH="640,<Font Size="2" Face="Gil Sans,<A Href="#Top" CLASS="hide,Back To Top</A> &#160 </Font>
<Td ALIGN="RIGHT,<A Href="#Top" CLASS="hide,<Img Src="/gifs/blue_up_arrow.gif" Valign="Top" BORDER="0,,</Table>
725210TY.csv,725210,Akron Akron-Canton Reg AP
725245TY.csv,725245,Burke Lakefront
724297TY.csv,724297,Cincinnati Municipal AP Lunki
725240TY.csv,725240,Cleveland Hopkins Intl AP
724280TY.csv,724280,Columbus Port Columbus Intl A
724290TY.csv,724290,Dayton International Airport
745700TY.csv,745700,Dayton Wright Patterson AFB
725366TY.csv,725366,Findlay Airport
725246TY.csv,725246,Mansfield Lahm Municipal Arpt
724288TY.csv,724288,Ohio State Universi
725360TY.csv,725360,Toledo Express Airport
725250TY.csv,725250,Youngstown Regional Airport
724286TY.csv,724286,Zanesville Municipal AP
<Td ALIGN="RIGHT" WIDTH="640,<Font Size="2" Face="Gil Sans,<A Href="#Top" CLASS="hide,Back To Top</A> &#160 </Font>
<Td ALIGN="RIGHT,<A Href="#Top" CLASS="hide,<Img Src="/gifs/blue_up_arrow.gif" Valign="Top" BORDER="0,,</Table>
723520TY.csv,723520,Altus AFB
723565TY.csv,723565,Bartlesville/Philli
723526TY.csv,723526,Clinton-Sherman
723550TY.csv,723550,Fort Sill Post Field Af
723527TY.csv,723527,Gage Airport
723525TY.csv,723525,Hobart Municipal AP
723575TY.csv,723575,Lawton Municipal
723566TY.csv,723566,McAlester Municipal AP
723540TY.csv,723540,Oklahoma City Tinker AFB
723530TY.csv,723530,Oklahoma City Will Rogers Wor
723544TY.csv,723544,Oklahoma City/Wiley
723546TY.csv,723546,Ponca City Municipal AP [SGP - ARM]
723545TY.csv,723545,Stillwater Rgnl
723560TY.csv,723560,Tulsa International Airport
723535TY.csv,723535,Vance AFB
<Td ALIGN="RIGHT" WIDTH="640,<Font Size="2" Face="Gil Sans,<A Href="#Top" CLASS="hide,Back To Top</A> &#160 </Font>
<Td ALIGN="RIGHT,<A Href="#Top" CLASS="hide,<Img Src="/gifs/blue_up_arrow.gif" Valign="Top" BORDER="0,,</Table>
727910TY.csv,727910,Astoria Regional Airport
726959TY.csv,726959,Aurora State
726886TY.csv,726886,Baker Municipal AP
726830TY.csv,726830,Burns Municipal Arpt [UO]
726945TY.csv,726945,Corvallis Muni
726930TY.csv,726930,Eugene Mahlon Sweet Arpt [UO]
725895TY.csv,725895,Klamath Falls Intl AP [UO]
726884TY.csv,726884,La Grande Muni AP
725976TY.csv,725976,Lakeview (AWOS)
725970TY.csv,725970,Medford Rogue Valley Intl AP [Ashland - UO]
726917TY.csv,726917,North Bend Muni Airport
726880TY.csv,726880,Pendleton E Or Regional AP
726980TY.csv,726980,Portland International AP
726986TY.csv,726986,Portland/Hillsboro
726985TY.csv,726985,Portland/Troutdale
726835TY.csv,726835,Redmond Roberts Field
726904TY.csv,726904,Roseburg Regional AP
726940TY.csv,726940,Salem McNary Field
725975TY.csv,725975,Sexton Summit
<Td ALIGN="RIGHT" WIDTH="640,<Font Size="2" Face="Gil Sans,<A Href="#Top" CLASS="hide,Back To Top</A> &#160 </Font>
<Td ALIGN="RIGHT,<A Href="#Top" CLASS="hide,<Img Src="/gifs/blue_up_arrow.gif" Valign="Top" BORDER="0,,</Table>
725170TY.csv,725170,Allentown Lehigh Valley Intl
725126TY.csv,725126,Altoona Blair Co Arpt
725266TY.csv,725266,Bradford Regional AP
725124TY.csv,725124,Butler Co. (AWOS)
725125TY.csv,725125,Dubois Faa AP
725260TY.csv,725260,Erie International AP
725267TY.csv,725267,Franklin
725118TY.csv,725118,Harrisburg Capital City Arpt
725127TY.csv,725127,Johnstown Cambria County AP
725116TY.csv,725116,Lancaster
725115TY.csv,725115,Middletown Harrisburg Intl AP
724080TY.csv,724080,Philadelphia International AP
724085TY.csv,724085,Philadelphia Ne Philadelphia
725205TY.csv,725205,Pittsburgh Allegheny Co AP
725200TY.csv,725200,Pittsburgh International AP
725103TY.csv,725103,Reading Spaatz Field
725128TY.csv,725128,State College [Penn State - Surfrad]
725117TY.csv,725117,Washington (AWOS)
725130TY.csv,725130,Wilkes-Barre Scranton Intl AP
725140TY.csv,725140,Williamsport Regional AP
724086TY.csv,724086,Willow Grove NAS
<Td ALIGN="RIGHT" WIDTH="640,<Font Size="2" Face="Gil Sans,<A Href="#Top" CLASS="hide,Back To Top</A> &#160 </Font>
<Td ALIGN="RIGHT,<A Href="#Top" CLASS="hide,<Img Src="/gifs/blue_up_arrow.gif" Valign="Top" BORDER="0,,</Table>
785140TY.csv,785140,Aquadilla/Borinquen
785145TY.csv,785145,Eugenio Maria De Ho
785203TY.csv,785203,Mercedita
785350TY.csv,785350,Roosevelt Roads
785260TY.csv,785260,San Juan Intl Arpt
785263TY.csv,785263,San Juan L M Marin Intl AP
<Td ALIGN="RIGHT" WIDTH="640,<Font Size="2" Face="Gil Sans,<A Href="#Top" CLASS="hide,Back To Top</A> &#160 </Font>
<Td ALIGN="RIGHT,<A Href="#Top" CLASS="hide,<Img Src="/gifs/blue_up_arrow.gif" Valign="Top" BORDER="0,,</Table>
725058TY.csv,725058,Block Island State Arpt
725054TY.csv,725054,Pawtucket (AWOS)
725070TY.csv,725070,Providence T F Green State Ar
<Td ALIGN="RIGHT" WIDTH="640,<Font Size="2" Face="Gil Sans,<A Href="#Top" CLASS="hide,Back To Top</A> &#160 </Font>
<Td ALIGN="RIGHT,<A Href="#Top" CLASS="hide,<Img Src="/gifs/blue_up_arrow.gif" Valign="Top" BORDER="0,,</Table>
723125TY.csv,723125,Anderson County AP
722085TY.csv,722085,Beaufort MCAS
722080TY.csv,722080,Charleston Intl Arpt
723100TY.csv,723100,Columbia Metro Arpt
723106TY.csv,723106,Florence Regional AP
723119TY.csv,723119,Greenville Downtown AP
723120TY.csv,723120,Greer Greenv'l-Spartanbrg AP
747910TY.csv,747910,Myrtle Beach AFB
747915TY.csv,747915,North Myrtle Beach Grand Stra
747900TY.csv,747900,Sumter Shaw AFB
<Td ALIGN="RIGHT" WIDTH="640,<Font Size="2" Face="Gil Sans,<A Href="#Top" CLASS="hide,Back To Top</A> &#160 </Font>
<Td ALIGN="RIGHT,<A Href="#Top" CLASS="hide,<Img Src="/gifs/blue_up_arrow.gif" Valign="Top" BORDER="0,,</Table>
726590TY.csv,726590,Aberdeen Regional Arpt
726515TY.csv,726515,Brookings (AWOS)
726525TY.csv,726525,Chan Gurney Muni
726625TY.csv,726625,Ellsworth AFB
726540TY.csv,726540,Huron Regional Arpt
726545TY.csv,726545,Mitchell (AWOS)
726685TY.csv,726685,Mobridge
726686TY.csv,726686,Pierre Municipal AP
726620TY.csv,726620,Rapid City Regional Arpt
726510TY.csv,726510,Sioux Falls Foss Field
726546TY.csv,726546,Watertown Municipal AP
<Td ALIGN="RIGHT" WIDTH="640,<Font Size="2" Face="Gil Sans,<A Href="#Top" CLASS="hide,Back To Top</A> &#160 </Font>
<Td ALIGN="RIGHT,<A Href="#Top" CLASS="hide,<Img Src="/gifs/blue_up_arrow.gif" Valign="Top" BORDER="0,,</Table>
723183TY.csv,723183,Bristol Tri City Airport
723240TY.csv,723240,Chattanooga Lovell Field AP
723265TY.csv,723265,Crossville Memorial AP
723347TY.csv,723347,Dyersburg Municipal AP
723346TY.csv,723346,Jackson McKellar-Sipes Regl A
723260TY.csv,723260,Knoxville McGhee Tyson AP
723340TY.csv,723340,Memphis International AP
723270TY.csv,723270,Nashville International AP
<Td ALIGN="RIGHT" WIDTH="640,<Font Size="2" Face="Gil Sans,<A Href="#Top" CLASS="hide,Back To Top</A> &#160 </Font>
<Td ALIGN="RIGHT,<A Href="#Top" CLASS="hide,<Img Src="/gifs/blue_up_arrow.gif" Valign="Top" BORDER="0,,</Table>
690190TY.csv,690190,Abilene Dyess AFB
722660TY.csv,722660,Abilene Regional AP [UT]
722517TY.csv,722517,Alice Intl AP
723630TY.csv,723630,Amarillo International AP [Canyon - UT]
722540TY.csv,722540,Austin Mueller Municipal AP [UT]
722500TY.csv,722500,Brownsville S Padre Isl Intl
722544TY.csv,722544,Camp Mabry
723604TY.csv,723604,Childress Municipal AP
722445TY.csv,722445,College Station Easterwood Fl
722510TY.csv,722510,Corpus Christi Intl Arpt [UT]
722515TY.csv,722515,Corpus Christi NAS
722526TY.csv,722526,Cotulla Faa AP
722587TY.csv,722587,Cox Fld
722636TY.csv,722636,Dalhart Municipal AP
722583TY.csv,722583,Dallas Love Field
722598TY.csv,722598,Dallas/Addison Arpt
722599TY.csv,722599,Dallas/Redbird Arpt
722590TY.csv,722590,Dallas-Fort Worth Intl AP
722610TY.csv,722610,Del Rio [UT]
722615TY.csv,722615,Del Rio Laughlin AFB
722577TY.csv,722577,Draughon Miller Cen
722700TY.csv,722700,El Paso International AP [UT]
722570TY.csv,722570,Fort Hood
722594TY.csv,722594,Fort Worth Alliance
722596TY.csv,722596,Fort Worth Meacham
722595TY.csv,722595,Fort Worth NAS
722420TY.csv,722420,Galveston/Scholes
722547TY.csv,722547,Georgetown (AWOS)
722588TY.csv,722588,Greenville/Majors
722505TY.csv,722505,Harlingen Rio Grande Valley I
722533TY.csv,722533,Hondo Municipal AP
722430TY.csv,722430,Houston Bush Intercontinental
722436TY.csv,722436,Houston Ellington AFB [Clear Lake - UT]
722435TY.csv,722435,Houston William P Hobby AP
722429TY.csv,722429,Houston/D.W. Hooks
722575TY.csv,722575,Killeen Muni (AWOS)
722516TY.csv,722516,Kingsville
722520TY.csv,722520,Laredo Intl AP [UT]
722470TY.csv,722470,Longview Gregg County AP [Overton - UT]
722670TY.csv,722670,Lubbock International AP
722446TY.csv,722446,Lufkin Angelina Co
722640TY.csv,722640,Marfa AP
722563TY.csv,722563,McGregor (AWOS)
722506TY.csv,722506,McAllen Miller Intl AP [Edinburg - UT]
722650TY.csv,722650,Midland International AP
722597TY.csv,722597,Mineral Wells Municipal AP
722499TY.csv,722499,Nacogdoches (AWOS)
722555TY.csv,722555,Palacios Municipal AP
722410TY.csv,722410,Port Arthur Jefferson County
722536TY.csv,722536,Randolph AFB
722576TY.csv,722576,Robert Gray AAF
722524TY.csv,722524,Rockport/Aransas Co
722630TY.csv,722630,San Angelo Mathis Field
722530TY.csv,722530,San Antonio Intl AP
722535TY.csv,722535,San Antonio Kelly Field AFB
722523TY.csv,722523,San Antonio/Stinson
722448TY.csv,722448,Tyler/Pounds Fld
722550TY.csv,722550,Victoria Regional AP
722560TY.csv,722560,Waco Regional AP
723510TY.csv,723510,Wichita Falls Municipal Arpt
722656TY.csv,722656,Wink Winkler County AP
<Td ALIGN="RIGHT" WIDTH="640,<Font Size="2" Face="Gil Sans,<A Href="#Top" CLASS="hide,Back To Top</A> &#160 </Font>
<Td ALIGN="RIGHT,<A Href="#Top" CLASS="hide,<Img Src="/gifs/blue_up_arrow.gif" Valign="Top" BORDER="0,,</Table>
724723TY.csv,724723,Blanding
724756TY.csv,724756,Bryce Cnyn Faa AP
724755TY.csv,724755,Cedar City Municipal AP
724795TY.csv,724795,Delta
724735TY.csv,724735,Hanksville
724776TY.csv,724776,Moab/Canyonlands [UO]
725755TY.csv,725755,Ogden Hill AFB
725750TY.csv,725750,Ogden Hinkley Airport
725724TY.csv,725724,Provo Muni (AWOS)
724754TY.csv,724754,Saint George (AWOS)
725720TY.csv,725720,Salt Lake City Int'l Arpt [ISIS]
725705TY.csv,725705,Vernal
725810TY.csv,725810,Wendover Usaf Auxiliary Field
<Td ALIGN="RIGHT" WIDTH="640,<Font Size="2" Face="Gil Sans,<A Href="#Top" CLASS="hide,Back To Top</A> &#160 </Font>
<Td ALIGN="RIGHT,<A Href="#Top" CLASS="hide,<Img Src="/gifs/blue_up_arrow.gif" Valign="Top" BORDER="0,,</Table>
726170TY.csv,726170,Burlington International AP
726145TY.csv,726145,Montpelier AP
725165TY.csv,725165,Rutland State
726115TY.csv,726115,Springfield/Hartnes
<Td ALIGN="RIGHT" WIDTH="640,<Font Size="2" Face="Gil Sans,<A Href="#Top" CLASS="hide,Back To Top</A> &#160 </Font>
<Td ALIGN="RIGHT,<A Href="#Top" CLASS="hide,<Img Src="/gifs/blue_up_arrow.gif" Valign="Top" BORDER="0,,</Table>
785430TY.csv,785430,Charlotte Amalie Harry S Trum
<Td ALIGN="RIGHT" WIDTH="640,<Font Size="2" Face="Gil Sans,<A Href="#Top" CLASS="hide,Back To Top</A> &#160 </Font>
<Td ALIGN="RIGHT,<A Href="#Top" CLASS="hide,<Img Src="/gifs/blue_up_arrow.gif" Valign="Top" BORDER="0,,</Table>
724058TY.csv,724058,Abingdon
724016TY.csv,724016,Charlottesville Faa
724106TY.csv,724106,Danville Faa AP
724037TY.csv,724037,Davison AAF
724014TY.csv,724014,Dinwiddie Co
724017TY.csv,724017,Farmville
723083TY.csv,723083,Franklin NAAS
724107TY.csv,724107,Hillsville
724115TY.csv,724115,Hot Springs/Ingalls
745980TY.csv,745980,Langley AFB
724055TY.csv,724055,Leesburg/Godfrey
724100TY.csv,724100,Lynchburg Regional Arpt
724036TY.csv,724036,Manassas Muni (AWOS)
724056TY.csv,724056,Marion / Wytheville
745985TY.csv,745985,Martinsville
724026TY.csv,724026,Melfa/Accomack Arpt
723086TY.csv,723086,Newport News
723080TY.csv,723080,Norfolk International AP
723085TY.csv,723085,Norfolk NAS
723075TY.csv,723075,Oceana NAS
724116TY.csv,724116,Pulaski
724035TY.csv,724035,Quantico MCAS
724010TY.csv,724010,Richmond International AP
724110TY.csv,724110,Roanoke Regional AP
724033TY.csv,724033,Shannon Arpt
724105TY.csv,724105,Staunton/Shenandoah
724113TY.csv,724113,Virginia Tech Arpt
724030TY.csv,724030,Washington Dc Dulles Int'l Ar [Sterling - ISIS]
724050TY.csv,724050,Washington Dc Reagan AP
724053TY.csv,724053,Winchester Rgnl
724117TY.csv,724117,Wise/Lonesome Pine
727976TY.csv,727976,Bellingham Intl AP
727928TY.csv,727928,Bremerton National
727826TY.csv,727826,Ephrata AP FCWOS
727855TY.csv,727855,Fairchild AFB
727856TY.csv,727856,Felts Fld
742070TY.csv,742070,Gray AAF
727840TY.csv,727840,Hanford
727923TY.csv,727923,Hoquiam AP
727924TY.csv,727924,Kelso Wb AP
727827TY.csv,727827,Moses Lake Grant County AP
727920TY.csv,727920,Olympia Airport
727845TY.csv,727845,Pasco
727857TY.csv,727857,Pullman/Moscow Rgnl
727970TY.csv,727970,Quillayute State Airport
727934TY.csv,727934,Renton Muni
727935TY.csv,727935,Seattle Boeing Field [ISIS]
727930TY.csv,727930,Seattle Seattle-Tacoma Intl A
727937TY.csv,727937,Snohomish Co
727850TY.csv,727850,Spokane International AP [Cheney - UO]
727815TY.csv,727815,Stampede Pass
742060TY.csv,742060,Tacoma McChord AFB
727938TY.csv,727938,Tacoma Narrows
726988TY.csv,726988,The Dalles Municipal Arpt
727926TY.csv,727926,Toledo-Winlock Mem
727846TY.csv,727846,Walla Walla City County AP
727825TY.csv,727825,Wenatchee/Pangborn
690230TY.csv,690230,Whidbey Island NAS
727885TY.csv,727885,William R Fairchild
727810TY.csv,727810,Yakima Air Terminal
724120TY.csv,724120,Beckley Raleigh Co Mem AP
724125TY.csv,724125,Bluefield/Mercer Co [Nrel]
724140TY.csv,724140,Charleston Yeager Arpt
724170TY.csv,724170,Elkins Elkins-Randolph Co Arp
724175TY.csv,724175,Harrison Marion Rgn
724250TY.csv,724250,Huntington Tri-State Arpt
724127TY.csv,724127,Lewisburg/Greenbrie
724177TY.csv,724177,Martinsburg Eastern Wv Reg AP
724176TY.csv,724176,Morgantown Hart Field
724273TY.csv,724273,Parkersburg Wood County AP
724275TY.csv,724275,Wheeling Ohio County AP
726626TY.csv,726626,Antigo/Lang (AWOS)
726457TY.csv,726457,Appleton/Outagamie
726435TY.csv,726435,Eau Claire County AP
726450TY.csv,726450,Green Bay Austin Straubel Int
726415TY.csv,726415,Janesville/Rock Co.
726430TY.csv,726430,La Crosse Municipal Arpt
726416TY.csv,726416,Lone Rock Faa AP
726410TY.csv,726410,Madison Dane Co Regional Arpt [ISIS]
726455TY.csv,726455,Manitowac Muni AWOS
726574TY.csv,726574,Marshfield Muni
726400TY.csv,726400,Milwaukee Mitchell Intl AP
726404TY.csv,726404,Minocqua/Woodruff
726465TY.csv,726465,Mosinee/Central Wi
726468TY.csv,726468,Phillips/Price Co.
727415TY.csv,727415,Rhinelander Oneida
726467TY.csv,726467,Rice Lake Municipal
726458TY.csv,726458,Sturgeon Bay
726464TY.csv,726464,Watertown
726463TY.csv,726463,Wausau Municipal Arpt
726456TY.csv,726456,Wittman Rgnl
725690TY.csv,725690,Casper Natrona Co Intl AP
725640TY.csv,725640,Cheyenne Municipal Arpt
726700TY.csv,726700,Cody Muni (AWOS)
725775TY.csv,725775,Evanston/Burns Fld
726650TY.csv,726650,Gillette/Gillette-C
725776TY.csv,725776,Jackson Hole
725760TY.csv,725760,Lander Hunt Field
725645TY.csv,725645,Laramie General Brees Field
725745TY.csv,725745,Rawlins Municipal AP
725765TY.csv,725765,Riverton Municipl AP
725744TY.csv,725744,Rock Springs Arpt [Green River - UO]
726660TY.csv,726660,Sheridan County Arpt
726665TY.csv,726665,Worland Municipal
